{
    "name": "Custom Fields",
    "alias": "customfields",
    "description": "Store additional data on conversations in custom fields!",
    "version": "1.0.26",
    "detailsUrl": "https://freescout.net/module/custom-fields/",
    "author": "FreeScout",
    "authorUrl": "https://freescout.net",
    "requiredAppVersion": "1.8.50",
    "license": "AGPL-3.0",
    "keywords": [],
    "active": 0,
    "order": 0,
    "providers": [
        "Modules\\CustomFields\\Providers\\CustomFieldsServiceProvider"
    ],
    "aliases": {
        "CustomField": "Modules\\CustomFields\\Entities\\CustomField"
    },
    "files": [
        "start.php"
    ],
    "requires": []
}
